ulasan,sentiment
"Kenapa kasih rate jelek? :( Developer ini membantu kita utk mempermudah dlm daur ulang, kalau ada masalah dgn aplikasi bisa contact via WA (saya selalu direspon, walaupun memang kadang slow res). Dan cara kita request itu memang by WA baru nanti Picker datang menjemput, nah di lokasi nanti SDU akan ditimbang lalu jumlahnya dimasukan ke aplikasi. Memang masih manual dan aplikasi belum 100% sempurna, tapi developer ini lebih banyak membantu daripada merugikannya. Lebih sabar, lebih baik. :)",1
"Saya merasa bahwa aplikasi berjalan dengan lambat ketika masuk pada penentuan lokasi pengambilang brg. Pada saat klik cek ketentuan sampah juga tidak tertulis apa-apa. Kemudian dr segi ui dan ux, masih kurang. Desain icon, card product, serta font masih harus diperbaiki. Menu navigator juga terasa padat. Sbg pengguna yg pertama kali pakai, melihat aplikasi sudah membuat mata lelah saking padatnya layout. Saya menantikan perbaikan aplikasi lebih baik lagi",-1
"aku baru download sih.... msh blm genap 3kg. tp aku senang ada aplikasi kayak gini. terbantu banget, smg kedepannya makin byk org membiasakan memilah sampah dirumahnya, dan tdk membuang sampah sembarangan.",1
"Aplikasinya keren bisa membantu supaya dapat didaur ulang & dapat duit juga dr sampah yg kita punya, penting prosesnya selalu aman, ramah & cepat. Buat saran aja untuk kaleng2, palstik2 semoga bisa diangkut & di duitin juga..!!!",1
"Sangat berharap bisa buka app ini, tp setelah log in applikasi selalu tiba"" keluar sendiri. gak ngerti knp, udh dicoba dihp lain dgn akun yg sama tp tetap langsung keluar sendiri appnya.",1
"Sering nya nggak ada yg pick up, jadi kita harus chat langsung via WA ke CS Duitin. Tapi overall, aplikasinya tetap bisa berfungsi (untuk ngitung jumlah dan nilai dari sampah kita, baca artikel, dll)",1
"Gak bisa registnya, ketika telephone masuk otomatis sinyal 4G/internet saya berhenti, ketika saya matikan panggilannya dan sinyalnya ada lagi tetep aja gak bisa walaupun udh ketik 4 digit terakhir nomor telephonenya. Saya pake Indosat. Coba cari solusinya min.",-1
"Aplikasinya bagus, semoga secepatnya bisa dikembangkan ke seluruh daerah di Indonesia dan semoga kedepannya juga menerima baju bekas yg tak layak pakai/kain kain bekas. Sukses terusss duitin",1
Harga sampah plastiknya terlalu murah banget. Semakin banyak malah jadi murah alias gk konsisten dari harga awal 2.400/2kg. Itu jug minimal 2kg berat sampahnya. Lebih enak dijual ke tengkulak langsung. Mereka berani dengan harga yg lebih mahal walaupun ini barang daur ulang dan harga receh.,-1
"Memutuskan untuk meng-uninstall aplikasi ini. Aplikasi ga bisa nemuin picker, chat admin di WA jg no respon. Sebaiknya kalau ga bisa menjangkau area secara maksimal, ya minimal pelayanannya bagus gitu loh.",-1
"Pertama order tahun 2021 berhasil . Meskipun lama sekali dapat picker Kedua order di tahun 2022 di janjikan terus tgl 7 akan di pick up tapi tidak kunjung di pick up . Hingga tgl 9 , alasan penuh , alasan cuaca dan tidak ada respon kalau tidak di tanya . Semoga bisa di perbaiki lagi sistemnya",-1
"kasih bintang 5 nya nanti kalau app ini bakal memperluas area cakupan picker, seneng banget ada app kaya gini yang secara tidak langsung menyadarkan sekaligus membuat kebiasaan kecil bagi keluarga indonesia aamiin.. semoga terus berkembang dan ada picker di seluruh indonesia ya :) unlucky di daerahku belum ada :')",1
"Duitin, produk layanan jemput sampah yg kekinian dan sangat luar biasa, hadir di CIAMIS dan bisa melayani ke daerah di sekitarnya, Kota Tasikmalaya, Kab. Tasikmalaya, Banjar, Pangandaran, kuningan dan majalengka.. Yuks... segera..donlod aplikasi Duitin.. biar dapat duit",1
"Applikasinya sangat bagus .., tapi sayang setelah melakukan pendaftaran ternyata applikasinya tidak dapat berjalan ( cuman Layar Biru saja ). Jadi mohon tindak lanjutnya... sebab ini masih wilayah Jakarta... Terima Kasih Sebelumnya",-1
"Aplikasi yang bagus, namun saya belum bisa memakainya karena cakupan wilayahnya masih terbatas. Saya harap kedepannya dapat mencakup seluruh wilayah di Indonesia, bukan hanya di kota-kota besar saja. (*Tambahan mohon developer menambahkan daerah Mojokerto, Jawa Timur) hehehe âœŒï¸ğŸ˜",1
"Pada saat mau memasukan kode OTP yang dikatakan 4 nomor terakhir dari penelpon. Ternyata setelah dimasukkan malah dibilang ""terjadi kesalahan, coba beberapa saat lagi"" seperti itu terus, apakah karena aplikasi ini belum tersedia di daerah saya kalimatan selatan? Padahal aplikasinya bagus menurut saya. Tapi saya mohon, pengembangan untuk aplikasinya lebih dipercepat.",-1
"Hi aplikasi DUITIN, kalau bisa area cangkupannya di perluas jangan daerah Tangerang Selatan saja tapi Kota Tangerang juga, jujur apk ini sangat keren karena banyak dampak positifnya terutama buat lingkungan, saya dukung apk ini untuk menciptakan Indonesia yang lebih bersih lagi.",1
"Saya gagal terus ketika update Profil. setelah isi PIN ada pertanyaan yakin dengan pin, tombol ya tidak dapat diklik. Hanya tombol ya saja. Ini sy mencoba di dua jaringan WiFi home dan jaringan di ponsel.",1
"Aplikasi ini sangat bagus. Sangat membantu untuk memilih sampah yang baik sehingga dapat di daur ulang. Dan tidak terjadi penumpukan sampah. Tetapi area cakupan nya belum tersedia di kota saya, yaitu Balikpapan. Saya harap kedepannya bisa segera di pick up di Balikpapan.",1
"Aplikasi yg sangat bagus untuk membantu melindungi indonesia dari sampah. Tapi, kenapa duitin picker tidak tersedia di semua daerah di indonesia? Saya dari sulawesi tenggara, Kalau sudah ada duitin picker di sulawesi tenggara khususnya kendari, wawotobi, dan unaaha nanti saya kembali buat ubah bintangnyağŸ˜‰ğŸ˜ terima kasih",0
"Aplikasinya bagus bgtt, keren! TAPI saat dicoba, teryata untuk wilayah Bandung belum ada kak.. Mohon sekali untuk segera disediakan.. nanti saya ubah bintangnya jika sudah tersedia",0
"Aq dpt rekomendasi apps ini dr sosmed gt, bagus banget ini, aq emng tinggal didaerah yg bukan kota besar, tapi apps ini pikir ku sangat bermanfaat banget, pengen bgt bisa ada picker duitin di KLATEN juga. segera realisasikan yuks, klo misal ada yg mau kerja sama sebagai picker buat orang2 didaerah yg bukan kota besar gt gmn ya?? Biar apps ini berguna, jgn sampe orang pedalaman nggak update sama inovasi kyk gini, demi bumi yg lbh sehat lagi, semangaaaat nnt klo dah lbh baik saya ganti bintangnya",0
Sudah memasukan kode verifikasi 4 digit terakhir pada nomor telepon dan tidak diangkat juga namun tetap gagal ketika mencoba mendaftar. Saya mohon segera diperbaiki masalahnya sebab aplikasi ini merupakan sebuah inovasi yang hadir di masyarakat. Sukses selalu ditunggu perbaikan sistemnya. Terimakasih,-1
Untuk botol kaca sangat disayangkan hanya jenis2 tertentu yg bisa di terima sedang bekas minuman energy drink gak mau. Padahal ini sangat berpotensi dan banyak dibuang menjadi sampah di selokan. Jikalau daur ulang tentunya tetap bisa di lebur kembali. Sedang botol2 yg besar harga tertera sangat murah dibandingkan harga pengepul di hitung satuan sekitar 500/btl. Dan untuk jenis kaleng sayang masih belum bisa diterima. Ini juga sangat berpotensi. Sebab menjadi limbah rumah tangga juga yg banyak.,1
"Gimana sih, di suruh masukin kode otp lewat sms gak ada sms yang masuk sudah berkali kali, di kira karena sinyal kartu nya yang jelek coba pake yang lain, yang sinyal nya lebih kuat, tetep gak ada sms masuk sudah berkali kali.",0
"Saya baru aja download aplikasi ""duitin"" ini Belum kepake soalnya melihat area cakupannya ternyata belum sampe Jogja Ide atau inovasi ini cukup bagus seiring dengan digitalisasi yang terus berkembang dan mengingat kuantitas sampah yang ada di Indonesia cukup tinggi. Semoga ide ini terus tumbuh & berkembang serta area cakupannya semakin meluas apalagi di kota-kota besar seperti Jogja, Bandung, Jawa Timur, dsb.",1
"halo kak, wah aku seneng banget nih ada aplikasi buat pick up sampah untuk di daur ulang, karena aku sudah lama sekali ingin di indonesia itu sama seperti negara lainnya yg menerapkan pembuangan sampah sesuai jenis jenis nya agar dapat di daur ulang, aku lagi nunggu nih coming soon yg di Palembang, Sukses dan Semoga dilancarkan segala kegiatannya kak ğŸ™ŒğŸ™Œ",1
"Halo team duitin, sebelumnya apresiasi sekaliii sama aplikasi ini. You guys did a great job! Jadi ceritanya Pas awal instal, susah banget otp masuk. Di Minggu ke 2 nyoba lagi Alhamdulillah lancar jaya. Skrg mau coba recycle nih, tapi picker nya ga dapet2 yaa jadi batal terus.. ada saran? Lokasi : Jatisampurna Bekasi. Hatur nuhun sebelumnya..ğŸ™",1
Saya tertarik instal apk duitin selain menguntungkan dpt reward juga berdampak pada lingkungan agar tetap bersih. Namun sayang daerah depok belum dibuka cabang akhirnya sya uninstall apk duitin. Tapi saya berharap apk duitin dpt membuka cabang seluruh Indonesia agar dapat merasakan keuntungan memiliki apk ini #gerakandaurulang #bersihbumikita,1
"Ini kenapa pas mau masukin profil data alamat bisa masukin foto diri bisa foto ktp aja bisa, dan pas foto diri dan ktp malah apk nya keluar sendiri.. mau nya apa sih sebel deh saya udh ngumpulin minyak nya kalo gk ngisi profil kan blm bisa narik nanti ngeselin allahu",-1
"tolong segera di perbaiki saya mengalami crash ketika melengkapi data diri (waktu saat selfie) segala fitur di apk sudah bagus, tetapi saya mengalami hambatan dibagian ini dah membuat saya tidak nyaman",-1
"saya beri 4 bintang dulu ya. apkilasi bagus untuk bangsa & masyarakat , sayangnya di daerah saya belum bisa di pakai (tuban, jawa timur).. semoga selanjutnya bisa di luaskan area cakupan, hingga per kecamatan ada petugas DUITIN, seperti jasaÂ² ekspedisi sekarang.",1
"Untuk kode OTP 4 digit angka terakhir tidak bisa, sudah di coba berkali"" Dan berulang kirim ulang kode OTP nya tetep saja tidak sesuai kode nya,saran saja kode verifikasinya melalui sms saja tidak usah pakai nomor belakang 4 digit.. mohon di perbaiki sistemnya supaya bisa lebih baik lagi aplikasinya..",-1
"saya sangat tertarik dengan apk ini, saya ingin daftar, tapi pada saat saya klik kolom daftar di aplikasi ini malah keluar dari aplikasi Duitin nya,saya sudah mencoba beberapa kali tapi masih tetap tidak bisa, mohon untuk kreator nya lebih semangat lagi untuk memperbaiki kekurangan dari aplikasi ini. trimakasih",1
"Aplikasinya bagus, dengan ini saya bisa menghasilkan uang hanya dengan mengumpulkan dan menjual sampah. Tapi saat pengisian domilisi, kecamatan Bekasi Utara tidak ada. Jadi saya tidak bisa mengisi domilisinya dan lama sekali menunggu Duitin pickernya untuk mengambil sampah di rumah saya, dari kemarin sudah saya tungguin ga datengÂ²",1
"Halo admin,saya akan coba semoga bagus dan bisa sesuai harapan, Saya sudah berhasil logon tetapi ada kendala .kenapa saat melengkapi profil yg bisa di isi hana alamat sama kode pos, Yang lainya ga bisa di isi,coba lanjut tidak mau juga. Terus rincian harga dari masing2 jenis limbah tida ada rincianya. Dan untuk jenis beling 2 /pecahan kaca terima ga",0
aplikasi ini sangat membantu sekai... mudah digunakan... adminnya ramah sekali.. sekarang saya tidak khawatir lagi soal sampah karna sudah ada aplikasi duitin.. terimakasih duitin...,1
"Harus coba sih aplikasi ini, ga perlu bingung mau diapain lagi popok bekas pakai, buku buku yang ga dipakai, kardus kardus, botol plastik, bahkan minyak jelantah. Kirim aja ke Duitin ehehe, admin nya fast respon dan ramah banget juga. Saya baru pertama kali coba pakai ini, tp belum kecewa. Semoga bisa bermanfaat untuk pelestarian lingkungan ya, terima kasih Duitin.",1
"Saya sudah mendaftar dan memasukkan nomor yang benar, kenapa saya tidak mendapatkan kode OTP? Setiap ingin daftar ada nomor masuk, mungkin itu dari pihak DUITIN yang ingin memberikan kode OTP nya, tetapi setiap saya angkat tlponnya langsung mati, mohon dari pihak DUITIN untuk mempermudah pendaftaran:)",0
Saya senang dengan adanya aplikasi kayak ini tp daerah palembang blm tersedia jd saat ini saya blm bisa pake apli ini tapi semangat ya agar apli ini dapat membantu seluruh indonesia ya!!,1
"Kode OTp gak muncul2 padahal udah berulang kali,, sehingga membuat saya gagal bisa daftr di aplikasi ini, mohon di perbaiki para kreator, dan semoga cakupan daerahnya sampai ke medan dan kota kecil sekelilingnnya",-1
"edit, udah install berapa kali pun tetep ga bisa, selalu masalah nya di kode otp. Ga bisa di verifikasi, udah chat admin nya jg tetep g bisa, dah la cape.",-1
Aplikasi nya sudah Saya Download Tapi Masih Ada Yg kurang dala Aplikasi nya Y itu daerah Kota asal saya Gk ada Di situ Saya dari (BANGKA) Tolong di Tambahkan y kak Agar saya Juga Bisa memakai Aplikasi nya Dan Bisa Berbagi kebersihan lewat aplikasi ini ğŸ¤—,1
"Aplikasi yg bagus. Semoga semakin menyadarkan kita untuk mulai memilah sampah, bahkan mengurangi sampah. Semoga semakin banyak daerah yg bisa dilayani, sampah yg bisa diolah juga makin banyak. Semangat!",1
Min saya mau dapet kode otp tapi pas saya angkat telfonnya terus baru 1 detik nih ya langsung mati padahal itu ga ada suara apa apa dari telfon itu tolong kasih tau kok bisa kaya gitu ya oke terimakasih,1
"Salut banget sama pihak duitin. Inovasinya keren banget, orang2 yg ingin mendapat reward mau ga mau harus bisa misahin sampah. Tujuan duitin untuk mempermudah daur ulang sampah keren banget. Aplikasi ini bisa berkembang lebih baik kalau ada suntikan dana. Jadi mohon bersabar nih temen2 yg daerahnya mungkin belum bisa untuk dipick-up sampahnya. Perhatiin juga gimana cara daftarnya, jangan terburu-buru, yg teliti. Kalau niatmu cepet dapet uang aja, kamu ga akan puas ğŸ‘",1
Menurutku aplikasinya sangat bagus.. tapi sayang banget gk sampe di kalimantan dan saya udh download apk ini.. Semoga bisa sampe ke kalimantan..,1
"Saya antusias sama aplikasi seperti ini karena sangat berkontribusi untuk menjaga lingkungan. Namun saat saya sudah download dan melihat area cakupan, jawa barat (cimahi) tidak ada dalam cakupan itu bagaimana ya?",1
"Terimakasih Duitin pelayanannya cepat. Picker nya juga sigap. H-1 sudah berkabar untuk pick up SDU dan hari H picker datang tepat waktu ğŸ¥°. Sangat membantu sekali terutama untuk IRT sprti saya dengan anak 1 yg penggunaan POSPAK yg cukup bnyk, dari pada di buang jadi SAMPAH mending di kumpulin jadi DUIT. â™¥ï¸â™¥ï¸âœ¨",1
"Aplikasinya bagus... apakah surabaya udah ada pickernya kak.. soalnya saya nyari g dapat"" tentang penjemputan map. Juga belum akurat .. ğŸ™ğŸ™ğŸ™ğŸ™. Khususnya daerah surabaya",-1
Awal download ada kota bandung tapi setelah dicoba hampir sebulan klik jual dan mencari duit picker aneh kenapa jadi tidak dapat. Pas dicek lagi wilayah cakupan bandung hilang,-1
"aplikasi nya bagussss. tapi sayang bgttttt wilayah aku belum ada, semoga kedepannya lebih menyebar luas di seluruh wilayah Indonesia yaaa. khususnya Karawang heheğŸ¥°â™¥ï¸",1
Ko pake kode referal segala yah..klo yang baru download dan tidak ada kode nya tidak bisa yah..kalo emang mo ngebantu seluruh indonesia hapus kode referal nya..biar pada gampang daftar nya..ini sama aja susah..heemmm,-1
"Perfect deh pokoknya, jangan ragu buat download & gunain apk duitin, karena saya sendiri udah ada/dapat pengalaman dari duitin ini ,selain admin nya yg ramah, picker nya juga ramah & tempat waktu saat ambil sampah daur ulang. Terimakasih duitin",1
Saya di Sby Timur lokasi dkt jalan besar. Sy coba mendaftar sesuai prosedur tapi kenapa dari Aplksi Duitin tidak sms/ email kode reveral / otp. Pdhal email & no hp sdh saya coba lengkapi di pendftran.,0
"hai, saya sangat senang karena aplikasi ini secara tidak langsung menyadarkan masyarakat untuk bijak mengelola sampah, sayangnya di kota malang masih belum tersedia, saya harap aplikasi ini dapat diakses dan dipergunakan secara luasâ¤ï¸â¤ï¸â¤ï¸â¤ï¸ğŸ¥ºğŸ¥ºğŸ¥ºğŸ¥º",1
"Datang sesuai waktu yg ditentukan, picker nya juga ramah ramah, mantap lah, semoga makin banyak yg mau ngumpulin sampah daur ulang, supaya lingkungan kita lebih bersihğŸ™ğŸ»",1
Daerah sy prov Sumbar kota payakumbuh blm msk.sy harap bisa melayani seluruh wilayah indonesia tdk hanya kota besar saja tp juga kota kecil juga Smg secepatnya ada penambahan daerah yg dilayani.,0
"dalam sesi pendaftaran saya tidak diberi kode otp untuk verifikasi padahal semuanya sudah jelas & benar, bagaimana ini admin? kita untuk daftar pun cukup mengalami kesulitan",-1
Mungkin untuk kedepannya bisa di luaskan lingkupnya ğŸ˜€ posisi saya di jateng daerah magelang dan belum bisa untuk mengakses:) semoga secepatnya sudah bisa ya.,1
"Tolong di perbaiki dong, kok saya ga bisa dpt ke OTP ya padahal ada telpon dari aplikasi ini dan ga saya angkat tapi malah mati sendiri telpon nya ( ga ada omongan soal kode OTP )",-1
"Dan terjadi lagi , kisa lama yg terulang kembali ..... kau berulah lagi , dengan aplikasi yg tak bisa di buka dan meminta update namun tak bisa di update karna playstore nya tdk menganjurkan update .... haaadduuuhh",1
"Adanya aplikasi ini agak percuma kalau kita gabisa milih jam sendiri. Klo mau pick up harus wa dulu. Gapapa sih sebenarnya soalnya adminnya baik, driver yg pickup sdunya jg baik. Permasalahannya cuman di waktu aja. Saran juga tolong infoin no telp driver yg mau pickup jg ya",0
Maaf 4 bintang dulu. Aplikasinya memang sangat bagus. Tapi sayang untuk lokasi ku di bekasi utara belum tersedia. Ayo dong untuk bekasi di adain..,1
Kacau balau sih... Masa per liter minyak cuma dihargai 2ribu.. penjemputan tanpa konfirmasi apapun tiba2 picker sudah ke rumah padahal saya masih cek soal harga per liternya laku berapa... Tau gitu mending jual ke tengkulak laku 6rb-7rb per liter... Pas ditimbang dirumah beratnya 6kg...pas ditimbang di BCU Semarang cuma 5kg... Agak kacau sih..kapok pakai duitin hehehe...mending jual ke tengkulak aja cari di grup FB banyak yg mau nampung,-1
"Ka saya susah banget untuk daftar nya, karena ketika dimasukin kode otp nya terjadi kesalahan teruss .... saya tinggal di Bandung ka, saya mau sosialisasiin aplikasi ini ke masyarakat di daerah saya ka soalnya bagus aplikasi nya ... ğŸ™ tapi terkendala susah daftar nya ...",1
"bagus bgt aplikasinya, perfect. pelayanannya juga bagus. segera download aplikasi ininya. kalian bisa mendapatkan uang juga dengan cara mengumpulkan plastik, karton, dan sebagainya",1
"Aplikasi ini bagus bangetttt. Tapi sayang, baru kota-kota tertentu aja. Semoga cepat berkembang ya kak, keseluruh penjuru indonesia.",1
"Harus nya ada daftar harga per kilo nya dari setiap barang misal palstik ,kertas,almunium,besi,jadi kita semangat gak usah jual ke lapak2 rongsok klo harga nya lebih bagus di sini.",1
Gak bisa daftar padahal udah sesuai prosedu..dapat telpon dr duitin tdk perlu di angkat. Krna 4 terakhir nomor itu otp. Tapi tdk bisa...terjadi kesalahan...,-1
"Bagus aplikasinya. Cuman areanya terbatas. Seandainya nyampai daerah Semarang, Rembang dan sekitarnya mungkin menolong.",0
"Aplikasi yg sangat banyak sekali keuntungannya. Rugi klo ga pake ini..! Lingkungan bersih, barang bisa digunakan-olah kembali, pelayanan ok,frendly dn komunikatif. Yg paling penting Tim Duitin yg datang ke rumah. NICE lah pokoknya. Jaya selalu Duitin semoga aktif sampai akhir. Bantu bangsa jadi lebih bersih dan produktif dn lebih cerdas pilah sampah. Semangaat",1
"Udah bagus sih apk nya bisa narik sampah yg bisa di daur ulang,tapi belum coba manggil pick up buat ngambil sampah di rumah saya,nanti kalau sudah mencoba dan bagus,saya kasih bintang 5",1
"Kasih 3 bintang Dulu kalau apps ini sang at bermanfaat baru saya tambahin lg. Oh ia cs tadi saya isi data alamat saya ko ga bisa ya itu Kenapa tolong penjelasannya, salam kenal saya pengguna baru apps DUITIN ini semoga sukses selalu.Terimakasih!!",0
"Bangga banget di Indonesia ada aplikasi ini, tapi sayangnya dibandung belum ada Picker nya huhu:( semoga cepet cepet ada dibandung yaaa aku ini udah ngumpulin barang-barangnya kak, ntar kalo udah ada dibandung aku ganti lagi bintang nya jadi bintang 5",-1
Masalah OTP mau daftar tidak bisa brkali2 request ada OTP masuk tapi selalu muncul tulisan ketika verifikasi 'Oops terjadi kesalahan cobalah beberapa saat lagi',-1
"kenapa ngga bisa verifikasi ya? padahal saya sudah mengangkat telpnya namun malah ditolak sama sananya.. saya nggak tau salah saya apa, padahal niat saya cuma mau masuk aplikasi dan gabung. mohon perbaikannya ya.. terimakasih",-1
"Sejauh ini alhamdulillah, respon dan app nya baik digunakan,, Terimakasih sudah membantu, dengan app ini sampah bisa jadi simpanan yg lumayan buat ibu2 seperti saya",1
Semoga kita terus berupaya menjadi bagian solusi dari segala paripurna permasalahan sampah dinegeri Indonesia ini,1
"Kak, aku baru aja coba Sdh masukin kode Otp nya 2 kali, yg pertama gagal .. Lalu dy loading aplikasi setelah itu tibaÂ² keluar. Dn ga bisa di bukaÂ² lagi sdh aku restart Hp ku",-1
"Setalah beberapa kali coba akhirnya bisa terdaftar jga, ok aku coba dulu app nya kalau bagus bakal di edit lagi komentar nya:)",1
"Aplikasi nya bagus, bisa membantu daur ulang sampah terutama plastik tapi sayang blm ada di kota Bekasi. Semoga semakin diperluas ya daerah cakupannya.",1
"Mengapa saya tidak mendapatkan OTP, berkali-kali saya coba tetap tidak ada OTP, padahal sudah ada notifikasi panggilan? Saya akan perbaiki rating setelah saya bisa verifikasi.",-1
"Bintang 3 dulu soalnya belum ada di daerah kota medan, padahal apk ini udah terbilang bagus dan mungkin bisa bekerjasama dengan pemerintah daerah dalam mengatasi masalah sampah.",0
Apk nya bagus yg belom bisa Regis coba budayakan membaca terus kalo udah bisa tolong di perbaiki ya penilaiannya. BTW kak untuk daerah Kab.Tangerang blm terjangkau ya??,1
"Udh bagus yah aplikasinya,hanya saja dilokasi saya belum terjangkau,tolong di tambahkan,untk lokasi TANGERANG,dan kabupaten tangerang,wilayah cakupan banten,nnti klw udh mencakup wilayah banten,sya tambahin bintangnyağŸ‘ğŸ‘",1
"Sukses untuk aplikasi nya semoga berkembang dan meningkat, untuk yang download diharapkan bersabar karena ini aplikasi sedang berproses menjadi lebih baik, jadi jangan sembarangan ngasih rating jelek, ngasih rating pikirin make otak, seharusnya didukung aplikasi kaya begini, sekali lagi SEMOGA SUKSES & BERKEMBANG!!",1
Saya beri bintang 4 dlu ya min .. klo berhasil transaksi akan saya rubah .. izin bertanya min .. saya pengguna bru aplikasi ini .. pd kolom melengkapi data ada foto bersama identitas diri .. apakah bsa menjamin privasi ini untuk tdk di salah gunakan ..? trima kasih ..,1
"Aku kasih bintang banyak. Walau belom nyoba,,, tapi suka bangettt akhirnya ada aplikasi yg mempermudah daur ulang. Selama ini bingung mau buang buku buku yg ga kepake mau dibuang kemana akhirnya ada solusi di @duitin ğŸ’™",1
"Aplikasi nya bagus, tapi mau nanya dong untuk wilayah Lampung khususnya Bandar Lampung sudah bisa belum ya? Karena terakhir saya download masih disekitar Jawa saja blm sampai ke Lampung",1
"Berulang kali order picker tapi gak dapat. Coba hubungi CS via WA, dibaca pun tidak. Aplikasi apaan ini? Kalau belum siap bikin aplikasi, belum siap jadi admin, mending jangan bikin. Memalukan dan gak guna!",-1
"Admin yg sangat ramah sekali, dan aplikasi yg sangat berguna untuk memilah sampah",1
Sungguh mengecewakan baru pertama order sudah di batalkan padah barang yg saya kumpulkan sudah sesuai yg ada di diskripsi saya mau uninstal aja aplikasi ini tidak membantu sama sekali,-1
"Kak kapan ni di Banyuwangi ada?saya tunggu ya untuk di perluas daerahnya,saya kasih bintang 5 biar semangat dan semoga seluruh Indonesia bisa pakai apk iniğŸ™",1
Saya bingung. Mengapa kode OTP yang saya masukkan selalu ditolak oleh sistem? Tolong benahi sistemnya! Edit (21 Apr): Login sudah berhasil dilakukan dan dibantu oleh CS yang tanggap dan ramah.,1
"Sepertinya bagus aplikasinya, hanya saja cakupan wilayah Surabaya masih belum ada. Padahal Surabaya kota besar. Semoga duitin segera memperluas cakupannya sampai kota Surabaya.",1
"Kok saya ngga bisa mendaftar ya.. Pas di klik daftar, aplksi otomatis keluar sendiri... Knp ya? Mohon penjelasannya",0
saya coba dl...semoga berjalan lancar & sukses...ow ya untuk petugas duitin apakah tiap transaksi selalu membawa timbangan/alat untuk menimbang ulang kembali,1
"senang dengan aplikasi daur ulang ini diharapkan bisa lebih berkembang lagi yaa dan memperbaharui fitur"" yang adaa",1
Aplikasi sangat baguss..membantu bgt kita untuk memilah2 sampah daur ulang dari rumah terus langsung order picker dateng deh..n admin nya responnya cepet bgt n ramah..jangan ragu untuk dowloand aplikasi iniğŸ‘ğŸ‘ğŸ‘,1
"Saya gabisa verif, padahal udah ada misscall dan ga saya angkat, munculnya malah huruf bukan angka, gabisa d pencet verif kalo huruf 'null' tulisannya",0
"Sy sangat kecewa dengan aplikasi ini, karna sy sudah berkaliÂ² mencoba mendaftarkan nomor handphone namun tidak pernah berhasil.",-1
"Kode OTP nya kelamaan. Perbaikan lah provider. Persaingan banyak. Jgn mau kalah. Saya blm dapet kode OTP, kesel duluan. Sistem kurang bagus.",-1
Oke kenapa pas kode otp terjadi kesalahan padahal sesuai dan di ulang beberapa kali? Mohon segera perbaiki. Kalo sudah saya tambah bintang nya,1
Saya baru install apk ini tetapi saat mau daftar kok tiba tiba gabisa ya malah langsung keluar ke layar utama :),-1
"Tolong masukin area kuningan, jawa barat donggggg.. bagus banget ni app nya. Cuma sayang bgt daerahku ga masuk cakupan daerah duitin.",1
Aku mau daftar kenapa tidak bisa ya pas masuk kode otp nya padahal sudah sesuai,0
Dah berhasil diinstal. Diklik daftar kok aplikasi tertutup. Tolong dong penjelasannya,-1
"Bintang 1 dulu krn belum bisa daftar, tiap kali klik daftar, lgsg crash keluar aplikasi.",-1
Semoga aplikasi ini semakin berkembang..karena bisa menjadi peluang untuk tambahan jajan banyak orang..dan yg terpenting..sangat berguna untuk lingkungan,1
Kok bisa saya pas masukin kode otp tulisannya UPS ada yg bermasalah coba beberapa saat lagi dan itu udah hampir 2 bln ğŸ¤£,1
Saya mendaftar diluar zona pada aplikasi duitin. Posisi saya di Bandung itu bagaimana solusinya? Ada juga posko duitin di IKEA Kota Baru Parahiyangan. Mohon penjelasan pihak duitin Jakarta. Terimakasih,0
Bintang 3 dulu karena sdh di instal belum bisa masuk selalu minta update dan ketika di update selalu keluar dari aplikasi,0
"Verifikasi OTP bermasalah terus udah di coba berkali"" selama dua hari dan hasil masih sama bermasalah",-1
"Sya berharap daerah bekasi kota dan kabupaten bekasi bisa masuk cakupan wilayah. Karena ini bermanfaat sekali, dijaman pandemi seperti ini, hal kecil yg bisa jadi besar.",1
"Mohon untuk diperluas wilayahnya, ini aplikasi manfaat bgt, tapi sayang cakupannya baru beberapa daerah, saya warga bekasi yang deket jakarta gak bisa nikmatin aplikasinya",0
Pelayanannya bagus dan suka banget responnya cepet. Skrg sampah jg bisa menghasilkan uang seneng dech pake apps ini.,1
Duitin bisa akses sampai LAMPUNG tidak. Aku baru pengguna awal aplikasi ini maaf belum tau bannyak aksesnyağŸ˜„bantu jawab ya..kk,1
Min kok kode verifikasinya tidak ada(tidak ada panggilan masuk). Sudah kirim ulang berkali kali tetep gak ada panggilan masuk. Mohon berikan solusi.,-1
Keren nih program utk mengumpulkan & memilah barang bekas tak terpakai dgn pick up kerumah ... Semakin giat ibu rumah tangga utk melakukan mulai dari hal yg terkecil di rumah tangga... ğŸ‘ Semoga sukses selalu... Amin,1
"Halo, saya pengguna baru namun cakupan daerah untuk kota Balikpapan belum ada, tolong untuk di adakan juga yaa:)",1
Aplikasinya sangat bagus tapi sayang belum ada di beberapa wilayah Indonesia. Semoga kedepannya aplikasi ini lebih baik lagi dan bisa digunakan diseluruh Indonesia.,1
"Aplikasi ini sangat bermanfaat dalam kehidupan sehari-hari, dan bermanfaat juga bagi kelestarian lingkungan. Sukses terus untuk DuitinğŸ‘‘ğŸ˜â˜º",1
"Aplikasinya keren tapi belum ada untuk wilayah sumatera Barat, semoga kedepannya ada untuk wilayah sumatera Barat",1
"Sangat membantu sekali aplikasi duitin ini, semoga kedepannya bisa berkembang lg dgn sampah2 lain yg untuk bisa di daur ulang dan harganya jual sampah2 bisa lebih naik ğŸ¤­ğŸ¤­ğŸ¤­",1
"Bagus banget aplikasinyaa, tapi jangkauan daerahnya masih kurang luas. Tolong perluas lagi dongg apalagi di daerah Jakarta Timur. Saya tinggal di daerah Cakung tp di Ujung Menteng kok ga adağŸ˜­",1
"Sayang sekali di Kota saya belum masuk cakupan layanan. Sukabumi Jawa Barat sedang darurat sampah juga nih, semoga cepet bisa jangkau lebih banyak tempat ya :(",-1
"Aplikasi nya bagus sekali, para picker nya ramah, dan banyak sekali informasi yang bermanfaat di aplikasi duitin ini.",1
"Aplikasi bagus, manfaat nya juga bagus, melindungi bumi alam ini. Tapi Apakah untuk Pandeglang banten sudah tersedia?",1
"2 bintang dulu ,sedih karena Bali belum ada. Sungguh ini aplikasi yang akan dipakai semua org dan bakal boom di ibu2 RT. Semoga Bali segera adq duitin. Sukses ya",-1
Sudah nunggu berkali kali coba berkali-kali kode otp nya ga muncul muncul udah sy un instal tlong perbaiki lagi,-1
"Saya kasih bintang 2 dulu, sebenarnya aplikasinya bagus, tapi daerah saya (sidoarjo) belum ada jadi belum bisa digunakan",-1
Sangat membantu untuk ibu-ibu yang ga bisa keluar rumah. Dengan aplikasi ini jadi lebih mudah. Terima kasih DUITIN,1
"Aplikasi bagus, solusi menanggulangi sampah yang bisa di daur ulang. Dapat duit lagi..",1
"tolong buat apk duitin semoga bisa buka cabang di Makassar yaa:) soalnya sy nggak bsa pake app ini krna sy tinggalnya di Makassar, mohon di bantu'yaa:)",0
"Aplikasi sudah bagus, tapi ga bisa daftar apalagi login. Semoga ke depan nya lebih baik lagi..",1
Cukup recommended aplikasi yang sangat membantu dan cukup mudah menggunakannya. Namun apa belum bisa utk bayar tagihan ya?,1
Gak bisa masuk yah ke aplikasinya mau daftar ga bisa masuk. Apa ga bisa wilayah jakarta.,-1
Saya baru bisa kasih bintang 4 soalnya area masih belum terjangkau buat daerah kecamatan Bogor.. padahal aplikasi udah bagus..,1
"Aplikasi sangat keren, sangat di sayangkan 3kg masa dapet 3600, lebih baik sama tukang rosok yang keliling 1kg 5000ğŸ¤¦",1
"Saya sudah download tapi setiap mau daftar selalu keluar dari aplikasi, jadi gk bisa daftar, tolong dong di bantu",-1
Ini kenapa yah aplikasinya udh daftar terus udh izin aplikasi tibaÂ² keluar sendiri saya coba lagi coba terus tetap saja seperti itu,-1
"aplikasi tidak dapat dibuka, karena minta di update. tapi tidak tersedia updatenya.",-1
"Kenapa saya mo daftar kok nggak d kirimin kode verifikasi sih, dah minta berulang kali tetap tak ada kode verifikasi nya, ini aplikasi masih jalan ngga sih....",-1
"Gak bisa daftar, setiap klik daftar langsung keluar dr aplikasiğŸ˜­",-1
Bru jga download udh suruh update aja.. Pas mau di update jg ga bisa2 aneh..,-1
"Kayaknya bagus nih app, tpi masih nunggu yg di daerah Bali sihğŸ˜© di Bali masih picking soonğŸ˜­",0
"Aplikasi gak jelas, masukin kode otp aja susah bgt. Lagian lokasi juga tidak terlalu luas",-1
Ga ada tetapan harganya suruh milah bener kerja harus iklash masalahnya ini dagang bintang satu dulu tar kalo dikasih list harga baru tambahin sesuai kepuasan Ah ngambang appsnya dah uninstal kedepan lebih baikğŸ‘ğŸ‘,0
"Aplikasi bagus , mudah digunakan , cocok untuk yang mau cari penghasilan tambahan",1
Saya kasih bintang 3 karena belum masuk ke daerah kalimantan terutama banjarmasin. Moga bisa meluas seperti startup yang lainnya,0
"Bagus untuk keberlangsungan Lingkungan, Tapi coba Gerak cepat untuk pemerataan wilayah jangkauan. Saya siap untuk Jadi orang pertama di Daerah Purwakarta... Saya ada lahan untuk penampungan sementara.",1
"Halo! Ini saya mau daftar , ditelpon juga buat kode otp, tapi udah diangkat baru sedetik langsung dimatiin dari sananya. Ga ngomong apa"" langsung mati aja gtu telpon nya. Gimana ya ini solusinya? Kalau udh dpt solusi, kuganti bintangnya. Makasih",-1
"saya mau daftar aplikasi ini, tapi pas masuk ke kode otp kenapa kode""nya tidak terkirim ke saya padahal nomor saya masih aktifÂ² saja:)",-1
"App apa ini harus punya tanda pengenal dulu, saran aja kalo buat app jenis kaya gini harusnya bisa semua orang bukan cuma yg punya tanda pengenal",-1
"Aayoooo semangattt perbaiki aplikasi nya, masih banyak bug, aplikasi ini akan sangat berguna",1
Tolong diadakan juga dikalimantan khususnya kalimantan timur karena apk ini sangat bagus sekali,1
Keren aplikasinya. Jarang-jarang ada yang nampung kotak multilayer sama popok. Sukses buat duitin,1
Sebenernya aplikasi bagus tapi sayangnya tempat saya belum ada min semoga hadir di tempat saya (Wonogiri),1
tidak bisa daftar. otp tidak muncul padahal tlfn sudah masuk.,-1
"Izin bertanya kak, saya sudah mendaftar tapi kok gak bisa"" isi nya terjadi kesalahan, coba beberapa saat lagi. Terimakasih",-1
"Sudah dapat OTP, thanks for ur respons Sayangnya di Surabaya blm ada. But okay",1
"Tolong bantuan nya, saya tidak bisa memasukan kode verifikasi,padahal no yang sudah saya masukan 4 digit angka trakhir dari penelpon sudah benar,saran saya lebih baik kode otp di kirim via message aja atau auto verifikasi dari message yang di kirim",-1
"Aplikasi yg berguna banget, semoga untuk daerah kota Makassar sdh bisa juga menggunakan aplikasi ini. Sangat membantu ğŸ‘ğŸ‘ğŸ‘",1
Ga bisa masukin otp kenapa ga pakai SMS aja kalau tlfn ga bisa ğŸ˜• tolong duitin diperbaiki lagi ya...,-1
Waw mantap sekali aplikasi Duitin ini.sistemnya ok banget. Terus kembangkan lg dan kami dukung sepenuhnya.,1
Bagus dalam sistem pengolahan ga tetapi harga terlalu murah dan ada potongan,1
Sudah berapa kali saja bikin pesanan utk sampah plastik saja tapi batal terus diaplikasi nya ini gimn sampah saya terus menumpuk...,-1
"Saya kasih bintang 3 dulu Kak saya kan dari bali Di bali belum ada kan kk?? Tolong ad di Bali kk Soalnya banyak sampah yg di bali orang"" sulit memilaah Mungkin dg aplikasi ini orang Bali mungkin bisa berfikir ulang untuk memilah sampah dg baik Terimakasih",0
"Aplikasi yg keren. pertanyaan untuk klasifikasi, apakah untuk jenis kertas atau karton, termasuk juga UBC (use baverage carton)...",1
"hai..,sy blm ngerti sih cara kerja duitin, tapi seperti nya bagus karna dapat membantu kita mengurangi sampah",1
halo tim duitin saya sdh download apps ini dan daftar tapi kenapa pas verif tidak ada pesan yg masuk ya hanya telpon saja,-1
Aplikasinya gak bisa d buka sma skli pdhl jaringan saya 4G + ad kuota Tolong perhaiki!,-1
Berkali-kali telpon masuk tapi OTP tidak ada di mohon atas bantuan nya. Terimakasih.,1
Perluas dong cakupan wilayahnya:) jujur ini aplikasi yang saya impikan untuk Indonesia yang lebih baik.,1
"Gimana nih nomer otp nya gak masuk"" , apa sudah tersedia di balikpapan? Gimana rate nya mau bagus kalo kinerja nya begini...",-1
minta kode otp buat daftar ga keluar2 kodenya. sms kode otp ga ad.tp dpt panggilan tlp yg ga ad suaranya.trus gmn mau daftar coba,-1
"Program ini bagus sekali. Apakah daerah Cileduk Tangerang Kota bisa dijangkau? Karna kami jg butuh program yg sepeti ini. Apalagi kami para IRT bisa sangat terbantu sekali apabila program ini bisa menjangkau tempat kami. Tolong di bantu mewujudkannya ya, trimakasih.",0
"Suka banget sma duitin karena bisa mengubah barang yang dianggep sampah jadi duit, dan dimanfaatkan jd barang yg berguna lagi ğŸ˜„",1
"Saya mau daftar tapi tidak ada kode buat verifikasi nya, padahal nomor nya udah benar dan di ulang beberapa kali. Kenapa yah?",-1
"Saya ko tidak dapet2 ya kode OTPnya, padahal sudah berkali2 dicoba, mohon bantuannya yaa",-1
"Hai kak, kenapa aplikasi ini tidak bisa dibuka setelah saya sudah mendaftar ya? Tolong bantu jawabkan ya, apakah saya harus install lagi atau bagaimana. Saya ingin menggunakan aplikasi ini, tapi saat dibuka malah kembali ke home. Terima kasih",-1
Kode verifikasi terjadi kesalahan mulu padahal jaringan lancar sudah gantu kartu juga masih tetap,-1
"Aplikasi bagus, menyadarkan org memilah sampah plus bisa dpt duit.",1
Itu gmana sih saya mau daftar loh Kenapa gak bisa otp pas mau angkat tlpn malah di matiin begitu aja.ni aplikasi masih aktif gak sih tolong jawab nya makasih,0
Setelah saya pelajari aplikasi ini sangat baik dan bagus. Semoga saya bisa ikut berkontribusi dengan duitin dan semoga bakal ada duitin di wilayah samarinda dan sekitarnya.. Saya ingin belajar dan terus belajar dari Duitin ğŸ˜Š,1
"Kok kode OTPnya ga bisa yah ,terjadi kesalahan terus, ini kenapa?",-1
"Sangat Terbantu DUITIN, sampah daur ulang secara rutin dijemput setiap minggunya, menambah saldo koin dan poinğŸ‘ğŸ‘ğŸ‘âœŒ",1
"Ga bisa terima OTP, tiap ada tlfon masuk saya angkat lgsung mati, berkali kali seperti itu terus",-1
"Biaya adminya kegedean bang, masih ada pengepul didaerah saya, yg lebih menarik.",0
Kak misalnya kalo ada anak yang suka melakukan daur ulang sampah dan download aplikasi masih dapat keuntungan kah kak meskipun GK punya kartu kredit atau ATM,1
"Aplikasi bagus nih, sangat bermanfaat dan dapat mengurangi pencemaran lingkungan",1
3 bintang dulu ya.... kenapa belom semua daerah untuk penjemputan nya.. Sangat membantu intinya,0
"Tidak bisa daftar, saat masukan kode OTP selalu gagal",-1
aplikasi gajelas nyesel download. masa gabisa kebuka pas mau dibuka langsung keluar aplikasi aneh,-1
"Maaf kak kok saya gak bisa sign in di duitin karna pada saat di telpon ferifikasi kode langsung mati,mohon untuk kebijakannyağŸ™ğŸ™ğŸ™",0
Aku suka banget sama aplikasi ini... Tapi untuk kelengkapan identitas kan disuruh foto diri sendiri sama tanda pengenal. Aku masih di bawah umur jadi belum punya ktp. Kl kek gitu gimana ya?,1
"Sudah di coba memasukan kode verifikasi, namun gagal terus. Lebih dari 3x, masih tetap gagal.",1
Sebenernya udah bagus ada apk begini tp mau daftar kenapa gabisaa gagal terussss....,1
Gara gara tiktok yaampun download ini . Dari keliatannya si udah kek banyak keuntungan. Semangattt semuaaaaa,1
Gajelas apk nya masa saya udh kirim ulang utk minta kode OTP nya buat masuk ke akun nya tpi ga di kirimÂ² kode OTP nya dri pagi ampe skrng jdi hrus gimna nih tlong bantuan nya,-1
"Apa ini mau daftar ko kode OTP salah mulu, padahal sesuai sama SMS yang masuk ğŸ¤¦",0
"saya sangat mendukung aplikasi ini..saya kasih bintang5 langsung. tetapi,saya masih bimbang apakah APK ini benar-benar aplikasi yang memudahkan orang untuk menukarkan barang bekas dengan uang tunai? saya,pengguna baru APK ini jadi apakah aplikasi ini bisa membantu orang banyak?",1
Saya g bisa terima nomer OTP kenapa ya jdi nya saya g bisa login login ni tolong dong di bantu,0
"Seneng banget pas tau ada aplikasi seperti ini, tapi apakah untuk daerah sidoarjo sudah tersedia? Semoga daerah sidoarjo sudah bisa di akses",1
"Aplikasinya keren, bisa dapat uang dari sampah daur ulang..",1
"Ga bs dibuka, malah biru semua, ditunggu lama masih ga berubah ğŸ¤ª bintang 1 dulu, nanti klo udah bagus baru tambah lg bintangnya",-1
Sudah instal. Menunggu kode verifikasinya tidak dikirim kirim. Ya sudah uninstall lagi,-1
"kok saya mau kogin lama banget ya kode otp ,saya udh unital 3 kli gak bisa padahal nomer telp bener, padahal saya mau pake aplikasi buat tugas uas saya ğŸ™ apakah bisa saya mengkontak?",0
Lebih dikembangkan lagi dan lebih banyak cakupan daerahnya agar indonesia bersih,1
"Fix aplikasi tergood, semoga bisa trus berkembang hingga wilayah saya, Gresik.",1
Udah berkaliÂ² daftar pake nomor belom di miscall juga hadeh udah instal ulang tetep aja sama,-1
ini gimana ya kok ga bisa daftar eror melulu pas masukin lode dari sms verifikasi,-1
Tiga dulu bintangnya kalo memuaskan saya tambah lgi. Emang ga bisa pake metode lain ya pencairannya misalnya dana ato gopay gitu?,0
"Tidak usah bingung untuk buang sampah untuk daur ulang, lewat aplikasi duitin semuanya beres",1
Aplikasi bagus... Rubah sampah daur ulang jadi uang.. semoga bermanfaat untuk banyak orang ğŸ‘ğŸ‘ğŸ‘,1
Udah dapet kode verifikasi tapi bermasalah mulu. Tolong di fix,-1
"Coba ulang2 OTP gak dikirim2 jd gak bisa masuk apps,membagongkan",-1
"Berharga bgt dimasa pandemi gini, sebenrnya udah nyebar lamaran tapi gaada panggilan kerjaan yaudah sekalian ngisi kegiatan juga ngumpulin sampe sebanyak mungkin, lumayan buat beli paket data hehe",1
"Saya tinggal di karawang, saya dah ada sampah daur ulang banyak, saya sudah cari duitin picker 2x tp tidak ada yg mengambil sama sekali, tolong untuk daerah karawang pickernya adain perbanyak dong.... Udah pd download fuitin tetangga2 saya,saya kasih tau mereka semangat ngumpulin daur ulang untuk di pick up",1
Kok aplikasinya keluar terus stelah bisa terdaftar. Mohon bantuanya min,0
"Udah download, ternyata belum ada untuk daerah bekasi..",-1
"maaf aku ksh bintang 2, knp baru mau buat akun tapi verifikasi kode otp nya gak bisa-bisa.. hmm error terus.",-1
Kak kok ngga bisa daftar yah... Pas klik daftar keluar App,1
"Duitin pelayann ok ,ramah merasa terbantu dimasa pandemi ini karena tdk perlu keluar rumah langsung diambil sampah yg sdh dikumpulkan ,sebagai ibu rmh tngga bisa sambil pilah sampah dan menguntungkan juga ...saran kedepannya plastik2 bekas detergent ,sabun cair ,bekas susu kotak bisa di masukan juga di aplikasi karena setiap rumah pasti bnyk Sekali plastik2 Refill....bravo Duitin sukses",1
Aplikasinya menarik tapi sayang daerah saya belum ada. Tolong segera dibuka ya cabangnya di Bojonegoro Jawa Timur.,1
Buat aplikasi duitin tolongg semoga bisa ada cabang di jawa timur kota jombang ya..:D soalnya aku berada di jombang jadi gk bisa pake app duitin dongg:( ya.. semoga cabang nya bisa sampai seluruh indonesia agar orang orang menjadi semangat untuk mengumpulkan sampah dan lingkungan menjadi bersih dan nyqman:D DITUNGGU YA..,1
Menurut saya apk ini ga bisa masuk&gal berguna udah itu saja terima kasih Kuota abis,-1
Untuk aplikasi duitin mohon diperbaiki kendala kode otp yang dikirim lewat sms,1
"Lebih mudah , membantu untuk membersihkan lingkungan ğŸ˜˜",1
"Kayaknya bakal suka si, tapi blm nyampe Bekasi.. Adain Bekasi dong ka",1
Kegunaan aplikasi ini sangat berguna bangetğŸ¤©karena bisa mendaur ulang sampah melalui aplikasi dan akan mendapatkan uang sesuai jenis benda tersebutğŸ¤©ğŸ˜ŠğŸ‘ŒğŸ»ğŸ˜‰ğŸ˜‰,1
Mau daftar tapi ga ada kelurahan gunung di kebayoran baru..,0
Saya kok pas mau daftar gak dapet dapet ya otp nya udah 2 nomer telp si coba gak masuk masuk,-1
"Maaf ,saya sudah 3 kali nginstal apk ini dan gabisa masuk untuk daftar",-1
"Kenapa kok saya ndak dapet telfon buat verifikasi nomer . Udah di ulang"" tapi tetep ndak dapet kode otp nya . Huuuhhhhh",-1
"Kereen pokok nya DUITIN, admin dan picker nya ramah 2, bisa kolektif pula, semoga duitin tambah sukses, admin dan picker nya sehat selalu",1
Udah mau pakai tapi daerahnya tdk termasuk daerah cangkupannya Semoga bisa lebih luas lagi daerahnya,1
"Aku udh berkali kali nyoba buat mulai tapi g bisa bisa.mau isi kelengkapan data,g bisa juga d bagian domisili. Padahal sampah aku udh banyak. Bisa d bantu ???",0
"Terimakasih min, sy sudah hub nomor w.a nya. Dan sudah dapat jadwal untuk pick up SDU nya",1
Sudah diwnload tapi gak bisa daftar,-1
"Aplikasi sangat bermanfaat semoga aplikasi ini sangat maju kedepannyaa, alhamdulillah sangat senang",1
"Bintang 1 dulu, kenapa ya kok aplikasi nya sering keluar sendiri? Di tunggu updatenya",-1
"Aplikasi sangat bagusss sekali, membantu indonesia tanpa sampah",1
"Apk ini sebenarnya bagus, tp d daerah saya blm ad, semoga area ny makin luas kedepannya",1
"Saya dari tadi nunggu kode verifikasi tapi tidak di kirim juga sudah beberapa kali kirim ulang tapi tidak ada sms kode verifikasi nya ,, tolong di bantu",0
Terima kasih Duitin sudah membantu banyak pihak dan membuat banyak orang berkontribusi terhadap kelestarian bumi kita bersama. Sukses selalu!,1
"Mohon bantuannya, saya daftar tidak memiliki kode referal tetapitidak bisa lanjut. Terjadi kesalahan trs. Bagaimana solusinya trmksh",-1
"Sangat baik, dan sangat harus didukung sii buat melestarikan lingkungan",1
Lovely app. Ini adalah inovasi yang sangat luar biasa dan sangat dibutuhkan oleh masyarakat. Untuk mendukung manifesto ekologi Indonesia yang sudah canangkan oleh Gerry Van Klinken.,1
kenapa gabisa mendaftar trus muncul terjadi kesalahan terus,-1
Kok gabisa sih katanya no telfon anda tidak terdaftar,1
Udah ku instal tapi daerahku belum ada. Bima NTB. Semoga duitin bisa sampai ke pelosok. ğŸ™,1
Terimakasih duitin dengan aplikasi ini saya bisa ikut program daur ulang,1
"Buat yg kesusahan mendoatkan kode OTP sebenernya gampang,nanti Kita dimiss call masukan saja 4 angka terakhir nomor yg miss call kita",1
"Apakah app ini hanya berlaku di pulau Jawa saja??, Diluar pulau Jawa belum berlaku kah?? Di sumatera utara misal nya ğŸ˜ŠğŸ™, mohon di jawab ğŸ™ğŸ™ terimakasih",1
Yuk Download dan ikutan Gerakan bersama duitin Indonesia untuk kehidupan yang lebih bermanfaat bagi lingkungan kita bersama .,1
Baru instal blm buka apalagi pake tapi salut banget dan terharu ada org yang bener2 peduli lingkungan dengan cara milenial seperti ini! Good job duitin semoga visi misi nya tercapi! 2025 indonesia bersih,1
dengan adanya apk ini semoga bisa bermanfaat bagi kita semua..,1
"Sampah bener nih aplikasi, kalah sama aplikasi serupa, tidak ada yg mengambil sampah, payah",-1
"Minta kode otp kenapa nggak masuk2? Udah coba daftar dari kapan hari, tetep aja belum bisa",0
Saya mau tanya kenapa setiap angkat telpon buat dapat otp selalu mati telpon nya?,0
Tadinya senang nemu aplikasi ini tapi langsung uninstall karena wilayah Tangerang belum ada..,-1
"Sangat membantu lingkungan, koin jadi ngalir",1
Di jambi blm bisa di pake krn picker nya blm mencapai wilayah jambi... Sedih bngt.. tlg di tingkatkan lg cakupan wilayah nya,-1
"Tidak bisa mendaftar,langsung force close",-1
Aplikasinya bagus tapi daerah sumedang gak bisa,-1
Aplikasinya sangat berguna bngt ayo admin luaskan jangkauannya supaya duitin juga berinovasi kembali agar memerangi krisis sampah di seluruh indonesia,1
"Halo saya pengguna lama duitin, hp saya ga sengaja ke riset saat saya daftar lagi menggunakan nomer yang sama saya belum dapet kode otp nya atau misscall. mohon bantuannya",1
Aplikasinya bagus tapi sayang surabaya belom ada.,1
"Aplikasi nya belum bisa saya pakai, ga bisa daftar , gmna ini solusinya",0
Bagus. Semoga bisa menjangkau semarang secepatnya,1
ga bisa registrasi. Karna OTP ditunggu munculnya lama,-1
Aplikasi berbasis kelestarian lingkungan dan komitmen untuk menciptakan Indonesia bebas sampah 2025 Sangat bagus sekali,1
Kenapa kok terjadi kesalahan terus gabisa daftar,0
"Aplikasi Murtad, OTP kgk dapet dapet, gimana mau login, kgk jelas dasar, perbaiki baru boleh masuk lagi, murtad people dasar",-1
Di daerah mana? Dan bagaimana caranya? Kemasan merk apa saja dan berapa harganya? Apakah ada batas minimalnya? Untuk daerah Kabupaten Tangerang bisa gak?,1
"please diperluas areanya ya aku orangnya suka kumpulin plastik botol dan kardus dan ini sangat membantu, cuma belum ada di bogor jadi kecewa..",1
"Tujuanny bagus ,tapi saya ga dapet dapet duitinpicker â˜¹",0
Sudah mau proses verifikasi kok terjadi kesalahan trus kenapa yaa.... ?,0
Suka app ini. Sudah order pickup pun berulang kali. Terimakasih duitin sdh menjadi jalan kami memudahkan kami ikhtiar u pilah sampah,1
"Hallo min ini saya mau buat akun knp nge stuck di kode referral yaa saya lewati tetap ad tulisan ""terjadi kesalahan"" Mohon bantuan ny",1
Gimana sih ini kode otp nya gk dapat dapat udah 6 kali nyoba tetep sama aja,-1
"Saya pas mau mendaftar kok malah keluar sendiri, tolong developer buat benerin ini",-1
Ini kenapa sih kok kode otpnya gak masuk masuk dari tadi mohon diperbarui !!!!!!!,-1
Masih kg bisa daftar dan otp pun gagal trus.sudah di bantu sam admi. Masih kg ada solusi nya,-1
Kak...kalau popok dewasa bs di duitin.id gak ya?,1
"Kocak ni mau daftar aja ga bisa kodenya ga kekirim kekirim, udah nyoba malem siang tetep ga kekirim",-1
"Klo sy sbg piciker,kmn brg yg sdh sy jemput dan sy bayar yg lempar kembali utk jd uang kembali?apa bebas sy lempar ke pengempul atau pihak aplikasi memiliki mitra pengepul?",-1
Semoga aplikasi ini makin tambah sukses selalu.makin jaya selalu.aminn,1
Kok gak bisa daftar ya? Pas minta OTP gagal mulu,-1
"Apakah untuk area semarang sudah tersedia, kalo untuk minyak tempatnya apa? Plastik atau botol. Tks",1
Susah utk menggunakannya. Selalu gagal.utk menjual.pake aplikasi duitin. Sdh 2 hari berturut2 tdk ada respon. Maaf....,-1
Ko aku ga terima OTPnya dari SMS ? Coba solusi gimana,-1
"Syg bgt kek nya untuk daerahku samarinda, Kalimantan Timur duitin picker nya blm ad diperluas lgi dong:(",0
"Terimakasih udah buat program ini, semua sampah jadi tersalurkan dengan semestinya, bisa di daur ulang dan jadi gak sampah yg cuman terbuang di laut dan merusak lingkungan lautnya, semoga makin banyak orang yg melek terhadap sampah",1
"pas udah masukin kode referral kok gabisa lewati ya? malah muncul tulisan ""terjadi kesalahan"" terus",0
"Gabisa daftar cuk, langsung force close",-1
Penarikannya ribet tidak bisa buat cadangan mendadak. Apk sering eror,-1
ğ­ğ¢ğğšğ¤ ğ›ğ¢ğ¬ğš ğğšğŸğ­ğšğ« ğ¬ğ®ğğšğ¡ ğ¥ğšğ¤ğ®ğ¤ğšğ§ ğ«ğğ ğ¢ğ¬ğ­ğ«ğšğ¬ğ¢,-1
"Semoga cakupannya bisa diperluas ke seluruh Indonesia, karena ini bermanfaat banget",1
"ketika mau klik register, aplikasinya keluar sendiri",-1
Mau nanya emang admin nya ada di seluruh indonesia atau di wilayah tertentu saja,1
"Tolong areanya diperluas sampai Solo dan Karanganyar, terima kasih",1
Udh download Konfirmasi udh tp kenapa ga bisa di buka aneeeh,-1
"Sayang sekali, udh semangat, belum semua wilayah sih, bjngung jadi mau ngapain",1
Assalamualaikum. Mau bertanya picker apk duitin ini bisa mencakup area kabupaten bekasi tidak. Terima kasih,1
"Aplikasi yang sangat berguna, mengajak masyarakat untuk menjaga lingkungan dan menjadikan Indonesia bukan tempat sampah. Sukses selalu Duitin... AminnğŸ™",1
"Saya sangat suka program ini, tapi sangat disayangkan di Provinsi Gorontalo belum ada, padahal saya sudah mendownloadğŸ˜©",-1
Jika bagus akan aku rekomendasikan ke keluarga dan tetangga sekitar,1
Kenapa pas maun daftar jika ga isi referal kode nya ga bisa ya?,1
Aplikasi kibul susah aja mau minta picker digagalkaeun selalu sama aplikasinya,-1
"Baru mau coba, tp susah bgt dapet kode otp nya",1
"Aplikasi bagus, mau nanya nih buat kedepan mau daerah mana lagi nih buat kerjasama sama duitin?",1
Kok masih suka ga bisa update??,0
"Hai team duitin saya baru memasang aplikasi ini sekarang, tapi apakah bisa yang daerah Riau bisa memakai aplikasi ini? Terimakasih",1
Susah sekali mencari pickernya jadi ke cancel mulu :(,1
Knapa saya gk bisa daftar buat masuk ke aplikasi duitin ya admin,-1
Saya dengar2 aplikasi ini sangat bagus sayang belum ada di daerahku,1
"Kaka , Aplikasinya aktivin jg dongg buat yg di solo .. Terimakasih",1
"List harga /nilai hargana berapa per kg tidak ada, biasanya kalo kita jual ke pengepul rongsokan /loakan berbeda-beda hargana.. misal harga botol plastik per kg berapa, harga botol kaca berapa, dst... Dan wilayah DKI apakah hanya DKI saja atau jabodetabek",1
Tidak bisa daftar error terus,1
aplikasi yg bisa membuat indonesia lebih baik,1
Hanya daerah tertentu... Lama lagi loading nya,-1
"Kenapa daftarnya harus pake poto diri dengan identitas tanda tangan, seperti daftar bank online hiii",-1
Kayanya bagus nih aplikasi. Sy ga dpt nmr buat verifikasi. gimana ya,1
"Untuk aplikasi duitin semoga ada cabang ke samarinda,kalimantan timur.",1
Lbih bagus kalau ada di seluruh indonesia,1
"Aku sudh coba daftar, dari hari sabtu, minggu senin, sudh cek saldo pulsa. tapi blm bisa terima kode OTP kenapa ya?",0
Kenapa saya kasih bintang satu karena kode verifikasi nya lama amat aku udh nunggu 1 jam belum aj ke kirim kode verifikasi nya tolong diperbaiki,-1
Mau minta otp tanpa diangkat tak ada suara apapun. Mau WA ke nomer pun gak ada. Gmn agar bisa gabung. Mohon infonya,-1
Halo kak! Umur saya 11 tahun hehe masih kecil sih. Oh ya kak saya minta tolong buat tambahin didaerah kalimantan. Kaya kalimantan barat. Kalimanta timur dan lainÂ² soalnya indonesia adalah negeri seribu pulau Maaf kalau tersingung saya tau itu susah. Tapi usahakan ya kak Terimakasih.,1
Bagus...semoga lbh bnyk lg picker ny dan lbh bnyk lg cakupan wilayah ny...,1
Next kabupaten mojokerto ya kak.. Aq suka ngumpulin botol2 bekas tp klo dijual ke tukang rongsokan kagak laku akhirnya ku buang.,1
Masa ga berhasil trs kpn selesainya ngabisin wkt aj..tolong dong perbaiki,-1
Alhamdulillah jadi bisa ikut serta jaga bumi lewat duitin. Tinggal nunggu aja di rumah. Tapi mohon maaf aku kasih 4 dulu karena antri pickup yg lama huhu. Semoga duitin makin sukses dan pickernya makin banyak aamiiin,1
"Tolong ini kenapa gak bisa daftar, stuck di bagian kode Referral ğŸ˜­ğŸ˜­",1
"hari Rabu tgl 11 Agustus 2021,saya baru saja menggunakan aplikasi Duitin ..sangat praktis dan mudah sekali kami minta dan langsung di layani dg baik ..tetap dirumah saja barang daur ulang diambil langsung .. dan kami bisa menabung deh .. terimakasih Duitin .. sukses selalu ..",1
"Aku kok mau masuk aplikasi duitin susah banget ya, kode otp nya ga masuk2 ihhh sebel sumpah",0
"udah minta pick up berkali-kali gaada yg mau pick up. PAYAH. Saya di Jak-Sel, minta pick up sesuai jadwal hari SENIN, tp ttp gaada tim duitin yg mau nyamperin.",-1
"Beberapa x minta otp ga dikasih"" malah bilang anda trs menerus minta otp..gak jelas.. uninstall aja ah",-1
"Halo,apakah kemasan seperti minuman sachet,dan juga botol skincare bisa?",1
"Jelek aplikasi nya... GK bisa masukin no kode otp.., padahal area Jakarta",-1
"min saya udh daftar ,udah bisa juga ,tapi pengen nanya dulu daerah Bandung udh bisa belum ya?",1
"Kenapa aplikasinya ngak mau kebuka yah?, padahal saya sudah selesai daftarnya?",-1
"mohon di bantu saya , mencoba daftar tetapi code otp.tidak kunjung di dapat , kenapa ya ?",1
hang. apps tidak mau terbuka,-1
Tolong saya tidak menerima kode otp bahkan saya minta kirim ulang pun tak dapat respon.,-1
"Otp saya terkendala,disuruh klik disini klo ada kendala tp ga ada jawaban kode otpnya malah dikirimin jadwal pengangkutan sampahnya",1
Saya tidak bisa dapat otp sudah berkali-kali minta kirim ulang tapi tetap tidak bisa,0
Kanpa saya mau masuk malah keluar lagii ini kanpa sih bingung padahal hap sya bagus aplikasi kaka ini gajels,0
Keren....bisa sampah jadi duit.. terimakasih,1
"Kok saya gk dapat kode otp sih,jangan tlpn bro kl gak mau di angkat.cukup kirimkan kode otp ke saya aja.kenapa cuma miscaal mulu",-1
Kok saya mau daftar tp otpnya ga pernah ada smsnya ya. Kenpa ya?,1
"Sy sdh bbrp x beri ulasan ttg DUITIN yg mn dlm ulasan tsb selalu menanyakan ttg picker krn sy susah sekali mendptkan picker yg pd akhirnya sy hny bs beri 3 bintang. Sy cek utk lht jwbannya tp ulasan sy tdk ada. Apakah ulasan sy yg kmarin"" dihapus oleh admin atau bgmn?? Krn slalu hilang jika sy mau tau jwban dr DUITIN. Yg mana pertanyaan sy, apakah di Klender Jkt Timur tdk ada picker atau bgmn?? Tlg infonya",0
"Aplikasi ini, terlihat banyak bohongnya, dan sangat merugikan member nya",-1
"Hi saya pengguna baru. Saya masih blm dapat otp nya, jadi belum bisa masuk. Bisa dibantu untuk pendaftarannya?",1
Ndang bisa masuk gk ada sms otp.nya,-1
Saya kecewa dengan apliksi ini 2x loh saya melakukan penjemputan tiba2 selalu dibatalin saya dijakarta utara tanjung priok...tolong dong konfirmasinya,-1
Baru di coba. Kira-kira daerah poso sulawesi tengah sudah ada agen pengambilan sampahnya tidak? Kalau mau menjadi mitra pengumpul bisa tidak???,1
Kenapa saya tidak dpt kode verifikasi.. Jadi saya ngga bisa masuk.. Sad,-1
Kok Saya Susah Sekali ya mendapatkan kode OTP? Mohon penjelasan nya setiap saya ingin angkat langsung mati telepon nya?,1
saya mau tanya untuk wilayah kota bekasi bisa ga udah di jangkau apa belum yah,1
Kota tangerang belum ada ya? Aku dah install lama tp belum transaksi nih mau coba. Min kota tangerang belom ada ya?,0
Kak buka cabang di jombang dong lumayan nih tambah tambah saat pandemi tidak ada sangu plisss buka di jombang,1
Sampah Cepat Teratasi dan Ternyata Barang yang sudah jadi sampah itu bisa mempunyai Nilai/Harga,1
Saya blum dapet kode otp untuk registrasi apa servernya error,1
"Sdh ajukan pick up, tdk dpt kurir terus :(",-1
"Responnya cepat, ramah..",1
Mudah2an semua berjalan baik dan lancar,1
"Aku kasih 3 dulu, apa di medan udh ada kak? Mau coba soalnya. Ada kendala di pengisian provinsi utk kelengkapan datağŸ˜­ğŸ™",0
"Apa untuk wilayah Pontianak bisa juga kah,atau hanya di daerah tertentu.",1
Gak bisa 2 daftar.. Capek deh udah download gak bs dibuka.. Ngabisin quota aja,-1
Aplikasi bagus..tapi apakah daur ulangnya untuk UMKM atau finalisasinya kemana ya,1
"Gimana si, uda masukin nomer yg bener tp ga dapetÂ² kode OTP, mengirim ulang teruss.. Btw daerah Solo bisa dijangkau gak?",0
Uninstall dulu. Saya tunggu surabaya ya. Thanks,1
"3 dulu bintangnya. Cakupan area nya belum luas, saya di TUGU CIMANGGIS DEPOK",0
hahahhaa tadi sempet kesel karena ada sesuatu cuman saat melihat keseriusan Kaka pekerja nya dalam membantu dan memuaskan hawa hasrat para pengguna nya mereka serius terimakasih banget ya dan semangat terus Tuhan memberkati,1
Saya baru mendaftar tapi gagal karna kode otp tidak pernah masuk ke hp saya kira kira untuk menghubungi service center nya itu kemana ya?,0
Kasih bintang 3 dulu. Jawa Timur sama sekali belum ada.,0
"Hai duitin nama ku Annisah,saya mau tanya apa boleh di umur 11 tahun boleh memakai aplikasih ini karena saya tidak mau jadi beban orang tuağŸ˜” jadi saya donload ini apa bisa saya tunggu balasan nya.ğŸ™ğŸ˜Š",1
"Untuk daerah bandung kak, mohon di adakan juga terima kasih",0
"Aplikasinya bagus, mencintai alam sekali",1
Aplikasi ini belum berlaku di seluruh Indonesia ya? Termasuk Bandar Lampung?,0
Bisa naruh hal seperti ini di kota semarang ndak? Sepertinya sangat menggiurkan,1
Kok saya gak bisa daftar..keterangan jaringan eror,0
untuk lokasi surabaya timur dong.. biar saya jg bs ikutn duitin . nnti klo di surabaya udh ada sy kasih * full,0
Di daerah Bekasi apakah sudah ada? Saya coba berkali2 tidak mendapatkan picker,1
"Sangat membantu,tapi area cakupan nya belum ada Bogor tolong dong biar saya bisa ikut berpatisipasi",1
"Sayang sekali area cakupan tidak sampai tangerang kota, hanya tangerang selatan, :(",-1
"Diaplikasinya kok gak ada untuk area Bekasi? Hanya Jakarta,TangSel,Jogja saja? Saya sedang kost di Bogor sewaktu-waktu butuh ketika sedang pulang ke Bekasi. Lalu saya udah nunggu buat jemput sampah gak ada yang datang? Gimana dong?",-1
Bagus sangat berguna tp apa fi daerah kalimantan bisa?,1
"Bingung cara nya dpt kode ... trus hbis dftar .. nunggu kode .. gak keluar"" .. aku lewati malah terjadi kesalahan ... taaaiiiiii",-1
"Mantaabbbsss, nemu aplikasi ini dari IG lumayanlah buat nambah uang jajan. Cocok buat Mahasiswa",1
"Tolong dongg tambahin area cakupan nyaa, biar satu negara bisa berkontribusi ngebersihin indonesia",0
"Kak maaf mau tanya, saya sdh lihat area cakupan nya, Bogor ada. Saya izin bertanya, untuk popok sekali pakai apakah di bogor bisa? Dan bagaimana caranya? Maksudnya apakah popok tersebut dibersihkan terlebih dahulu atau bagaimana, dan apakah hanya merk sweety saja yang boleh? Karena di logo ny gambar sweety. Terimakasih banyak",1
"Tolong min disurabaya dipercepat ,karena apk ini membantu ekonomi kampung.ğŸ˜…",1
"Aplikasi yg sangat inovatif dan bermanfaat, Cakupannya di Lampung kapan nih min?",1
Maaf mau bertanya kenapa dari tadi tidak ada telepon untuk OTP ya?,1
Assalamualaikum Mau tanya min untuk sulsel apa masuk dalam daftar Apk duiti? 3 bintang dlu nanti klw masuk daftar daerahku ku kasih Full sampai JENDRAL hehehe,0
"Timbangannya Digital Jadi Anti Curang dalam timbangan, keren",1
Payah otp tidak bisa masuk...gimana mau join,-1
Hi kak saya dari sumenep jatim. Senang sekali dg program ini. Sangat menyenangkan jika di kota kami ada cabang.. Kami pegiat lingkungan makin sangat senang hati bekerjasama,1
Kenapa saya tidak mendapatkan kode otp.. tidak ada telp masuk,-1
Tolong lah kode otp nya koq susah bgt...ditlp ga saya angkat tp mana kode nya mlh ngulang pendaftarannya...tolong dibantu...,-1
Aplikasi pintar yang sangat bermanfaat,1
Apa ada tutorial untuk cara.a baik maupun jadi kontributor atau picker??ğŸ™,1
Apk ini Payahh bgttttttt kecepetan kode otp nya!!!!!!!,-1
Gak bisa d buka terjadi kesalahan mulu,-1
"Cara nimbangnya bagaimana kalo tidak punya timbangan ? Apa dari pihak duitin, menyediakan ?",0
"Kok gk ada pilihan buat hapus akun?... Dan data diri selfi ktp apakah aman? Data selfi pake ktp itu tidak d perjual belikan,? saya udh download tp jd takut ...",-1
Mohon maaf untuk harga terlalu murah,1
Misinya sih bagus merawat bumi dari sampah....sayangnya cakupan area kota Depok belum terjangkau padahal potensi sampah daur ulang di depok sangat besarğŸ¤”ğŸ¤”,-1
saya memang pamain limbah tapi khusus plastik apakah bisa di terima lokasi saya di tenjo,1
Bgtu pncet daftar eh mlah ke buang ke menu lg apk aneh,-1
Maaf ku kasih 3 dulu mau tanya dulu sebelumnya apakah daerah saya di kota klaten apakah sudah ada orang yg mengambil barangnya atau sudah ada kah di daerah saya itu saja terima kasih,0
Aku kasih 4 dulu klo misi ku dah lancar dan berhasil ntar aku tambahin,1
"Kode nya kok gak ada yaa,pas diangkat telfon kodenya eh dimatiinğŸ¤¦â€â™‚",0
Mohon maaf saya tidak jadi gabung mohon data data saya dihapus dari duitin terimakasih tolong dengan sangat data saya dihapus,1
"Kalau sampah plastik seperti kantong kresek, bungkus mie instan & plastik es bisa apa ga?",0
sayangnya untuk daerah tegal dan sekitarnya belum ada.,0
"Sementara bintang 3 dulu, coz no wa nya ternyata ga ada, apakah ganti no? Padahal ada yg ingin sy tanyakan...",0
Awalnya sya kecewa karena tidak dpt kode eh tryata sya coba dpt juga dan Terbuki sya kasi bintang 5,1
Wah mantap.. lumayan buat nebelin dompet,1
"Apakah sudah menjangkau sampai semarang dan sekitarnya...? Seperti demak, kudus & jepara...?",1
"Kenapa harga nya murah sekali, di abang tukang loak kardus 1 kilo bisa sampai 8 ribu",0
"Kak saya dari medan, apakah layanan nya sudah ada di medan? , soalnya saya untuk isi data juga belum bisa kak",1
"kenapa murah sekali harga jual minyak jelantah 1kg, saya biasa jual 1kg 8.000 ini 1kg ko cuma 1.000",0
"Kirain dapat duit gratis, ternyata kudu beli dulu",0
"Kesini garaÂ² tiktok ğŸ˜³, mau coba dlu jdi ku kasih bintang 3 dlu yaa ğŸ˜Š",0
Aplikasi nya pake KTP segala ribet ahh ntr malah di salah gunakan buat pinjol,-1
"Apakah Di kota bekasi sdh hadir, sy ada byk botol plastik untuk ditukarkan ditunggu ya kehadirannya nnti ditambah deh bintangnya thanks",0
Mohon kerja samanya di jawa tengah khususnya tegal harus ada,1
Kenapa saya tidak bisa masukkan verifikasi no tlpnya yaaa,1
"Ga bs masuk di aplikasi,oops terjadi kesalahan,coba lagi.ğŸ¥µ",-1
Mohon maaf saya pengguna baru tapi saya ingin bertanya mengapa pesanan saya di batal kan? Terimakasih,1
Sy sudah daftar tapi di minta kode referral nya. Nah kode nya sy dapat dari mana ini kah??,1
"Halo, saya coba daftar tapi tidak bisa mendapatkan kode otp, apa yg harus saya lakukan ? Terima kasih",0
kode otp gamasuk2 berkali2 dicoba.,-1
Kalo misalkan puntung rokok bagian gabus nya bisa gak min,1
"Area cakupannya blum ada di sulawesi selatan,masukin dong",1
"Kelurahan domisili saya tinggal ngga ada?? mohon untuk diupdate di lengkapi lagi, sy domisili Jakarta",1
susah banget dapet otp nya :(,-1
Sangat bermanfaat buat lingkungan,1
kok saya ga bsa daftar ya,-1
Kenapa saya mau daftar malah keluar aplikasi ya?,0
Gk bisa verifikasi jadi gk guna juga,-1
"Kode OTP nya ga di kirim"" :(",0
Tolong ada cabang nya di daerah jember pelosok maupun kota Dan daerah banyuwangi pelosok maupun kota,1
"Kenapa pas saya tekan ""lewati"" itu tulisannya ""oops maaf silahkan coba lain kali"" itu kenapa ?",0
"Dah dua hari saya dptarin tapi tetap gk bisa,kecewa",-1
Bodetabek dong jangan jakarta aja ğŸ™‚ aku di bekasi pengen banget bisa ikut berpartisipasi,1
Area bekasi kok belum ada,1
berapa kali di booking penjemputan ga ada yg dtg2 yg jemput. ğŸ˜¡ğŸ˜¡ğŸ˜¡,-1
"Dwitin semoga membantu,sampah yang biasa dibuang bisa jadi tabungan,terimakasih",1
Saya coba daftar kok ngga bisa yaa?? Apa karena sy belum mencakup daerah?,-1
Belum buka tapi liat tujuan dan manfaat nya ini baru namanya CERDAS,1
Aplikasi yang sangat mantap !,1
Halo Duitin Area Cakupan Surabaya Belum Di Open Nih Barang Saya Sudah Menumpuk Mau Di Timbang Eh Batal Terus Ternyata Area Surabaya Picking Soon Ah Gak Enak Buka Semua nya Dong,-1
Kenapa mau daftar tidak bisaaaaaaaaaağŸ¥ºğŸ¥ºğŸ˜­ğŸ˜­ğŸ˜­,-1
"Aplikasi bagus, sampah diambil",1
Sangat membantu sekali bagi saya yg mager.... Nhun DUITIN,1
Ga jelas verifikasi otpnya.nelpon doang dikasih ga no otpnya,-1
Di solo kapan buka kak? Kalau solo sdh buka saya kasih bintang 5,1
Gagal terus utk hubungi / dapetin duitin picker di Semarang. Minta solusinya krn barang sdh menumpuk,-1
"Minta kode referral donk, tapi yang besar bonus nya yaaa.. Hehe..",1
"Apakah adminya duitin dah mati? Mau ngisi domisili kok gk bisa2, ktanya suruh lengkapin profilnya",-1
"Maaf saya lgi download semoga membantu, saya buat aktif membersihkan Jakarta yang kotor",1
Admin...kalo utk bekas botol skincare bisa atau ga ya ?,1
Bagaimana menjadi mitra duitin? Karena di kuningan jawabarat sepertinya masih belum ada..,0
"Selalu gagal dapet kode masuk, gimana ya?",1
Alhamdulillah klau sudah ad terimakasih sebelumnya,1
Kak buat untuk daerah malang juga dong,0
"Otp nya ngga bisa, setiap 1 dtk mati",-1
"Di surabaya masih comingsoon:(( Ntar kalo udah ada, kasih bintang5ğŸ¤©ğŸ˜Œ",0
"Tolong cakupan areanya dibuatin di jawa timur, kabupaten nganjuk",0
Kakak untuk daerah tanjung pinang kepulauan Riau tidak ada ya cabang nya?,1
Sukses selalu yaaa sampah daur ulang Duitin nya,1
Butuh kode referral. Omong-omong buat daerah Tambun Selatan kab. Bekasi belum adanya ka develofers?,1
"Tidak ada klasifikasi untuk Sampah elektronik ya? Tv, kipas angin, mesin cuci, dispenser, dll",-1
Kak kalau botol plastik minuman mineral bisa gak?,1
"Kapan nih masuk ke daerah kota bandung, soalnya saya sekarang domisili di kota bandungğŸ˜€ğŸ˜€",1
Gak bisa daftar,-1
"Ini untuk semua daerah di Indonesia kah, bagaimana dgn mereka yg tinggal di Kabupaten apakah bisa mengikuti ini???",1
Untuk jenis sampah oli bekas bisa nggak min?,1
"Bagus, Tapi Kalau Kabel Atau Sepatu Bekas Bisa Ga ?",1
Klu daerah denpasar bali sudah ada yg ngambil kerumah belum?,1
"Ka bagaimana agar mendapatkan otp, soalnya susah sekali mendapatkan kode otp ketika mendaftar?",0
Maaf kok saya ga bisa masuk apk nya,0
Min apa di bagian Sulawesi Selatan Makassar.duitin bisa digunakan,1
"Kode otpnya gk muncul"":(",0
Bintang 4 dulu ya soalnya belum ada di Pekanbaru kalau udah ada baru saya kasih b 5,1
sayangnya belom ada picker buat wilayah bogor,1
"Hallo kak,cara dapet kode referal gimana ya?terima kasih",1
Saya ada di karawang apakah aplikasi ini bisa di gunakan..?,-1
Mau tanya kalau mau jual besi per spring bad bisa tidak ya? MkshğŸ™ğŸ™,1
Sementara aku kasih 3 dulu ya. Dan apakah daerah JAWA TIMUR sudah bisa?,0
tambah dong area cakupannya di bandar Lampung,1
Kok saya tidak terima sms otp,1
min tolong perbanyak picker di Cianjur dan Bogor dong..,1
Tolong di daerah makassar jg ada kak ğŸ™,0
adain dong untuk Kota Tasikmalaya sama ciamis ğŸ™,1
Masa di tebing tinggi gak ada,-1
Semoga dapat segera menjangkau seluruh Indonesia,1
Untuk wilayah surabaya sudah bisa atau belum ya?,1
Tolong daur ulang limbah kain bekas. Karena di daerahku limbah kain bekas obrasan itu tidak dimanfaatkan.,1
"Mau daftar tapi engga bisa, gimana caranyaa yaa?",1
apa daerah jawa barat sudah bisa semua? atau hanya dki jakarta saja,1
Saya buka aplikasi duitin agak susah ya,1
Cabang denpasar bali adakah taoi ko aku gk punya code nya ya,1
Kok otp ku g DTG datang. Segitu susahnya y,-1
Kok kodenya tidak masuk masuk. Tau lah Weh aku pusing,-1
Mau tanya buat admin nya.... Untuk area jawa tengah khusus nya area surakarta/solo apa sudah ada....?,1
Tingkatkan semangat untuk Indonesia bersih,1
kalau utk limbah kaca lembaran bagaimana?,1
saya tinggal di ciawi bogor apakah aplikasi inj bisa digunakan???,-1
"Untuk daerah Puncak Bogor udah bisa belum ya,, ??",1
"Apakah di Kota Metro, Lampung sudah bisa?",1
Aplikasinya ngk bisa kirim otp payah,-1
Sya kasih bintang 3 heula...ko sya gk nerima nomer otp?gk ada yg nlp ke nmer sya,0
"GUYS CUMAN MAU KASI TAU YANG COMPLAIN MASALAH OTP, KALIAN KAN NNTI ADA TELEPON MASUK KALIAN LIAT NOMOR TELEPON SI PENELPON ITU 4 DIGIT ANGKA PALING AKHIR ITU NOMOR OTP NYA YAAAA JANGAN LUPAAA",1
Solo dong plis...kalo bisa sekalian karanganyar surakarta ğŸ˜,1
Aplikasinya tiba tiba blank biru,-1
Sampai saat ini kok saya belum dapat kode Referal,-1
Kenapa ga bisa di daftarkan ya?,-1
"Mengapa saya mau daftar, selalu kembali",1
Kali ini 3 dlu karna gw masi bertanya tanya apakah ini di seluruh indonesia,0
Min kenapa kode otp ko ga muncul ya ????,0
"Rmh saya daerah pamulang, sampah saya atau barang2 plastik saya tidak ada yg ngambil padahal udh saya pisah2in",0
otp nya ga masuk masuk,-1
Saya gk dapet akses ke apl harus pke kode refeal,-1
MantappppğŸ‘ğŸ‘ğŸ‘membantu n berguna bangat aplikasinya....ğŸ‘ğŸ‘ğŸ‘,1
Di tunggu untuk area Jateng(Banjarnegara),1
Di Bandar Lampung blum ada sampah daur ulang,-1
Trimakasii aplikasi memudahkan masyarakat semoga bermanfaat,1
"Korban tiktok ğŸ¤£ , jadi download app dah",1
"Saya kasih, 3 bintang dulu klo bnar terbukti saya tambah bintang, 2ğŸ™",0
Lengkap bgt hrs isi data pribadi scr detail,-1
Ga bisa dpt kode otp di agkt ga ngomog,-1
Kenapa di bekasi sementara ditiadakan ya?,1
"Andaikan semua orang peduli sampah dengan memilah jenis sampah dan mendaur ulangnya, jadi tidak langsung dibuang ke TPA gitu. Area cakupannya ditunggu dijogja ya minn ğŸ‘ğŸ‘",1
Semoga bisa mengurangi sampah negara,1
Hai ka apakah di Cianjur Jawa barat bisa??,0
Kode otp nya ga masuk masuk,-1
Kak di sumatera utara uda ad apa bekum ya.,1
Kok ga bisa verifikasi nomor telepon ya?,-1
Bakal aku gunain kalau area Surabaya sudah berhasil jadi wilayah cakupan,0
Saya tinggal di kabupaten Cianjur apakah apl ini bisa di gunakan,0
"Saya ga bisa masuk daftar, apakah harus diisi kode referal?",-1
Bagus banget aplikasinya,1
Ga dapat dapat drivernya,-1
q kasih bintang 5 semoga duitin memang membayar amin,1
Kalo d bandung belum ada. Apakah Ini bisa dikirim ?,1
Berapa kg batas minimal & maksimalnya Apakah kota Bogor bisa di jangkau.,1
Kok saya gak bisa daftar ya,1
Buat aplikasi duitin semoga bisa buka cabang di daerah Kalimantan dan Sulawesi,1
Lebih baik jual ke tukang rongsok masa botol kaca bekas minuman 3kg cuma diharga 750 perak sedangkan di tukang rongsok dihargai 1000/botol,0
saya tidak bisa daftar kenapa?,-1
Mau nnyak boleh kah? Untuk daerah batam ini udah ada belum?,1
Kenapa saya tidak mendapatkan kode referral?,-1
"Bandung ada ga nih ? Kalau belum ada , tolong adain dong.",1
referal buat kalian. tolong kerja sama nya. LUTF710,1
Utk kota surabaya ada gk y? Agen duitin utk brng2 bekas atau daur ulang gt.,1
"Permisi admin, untuk area Kalimantan Selatan apakah sudah tersedia?",1
"mohon maaf min ijin bertanya, apakah untuk daerah jateng cilacap sudah ada?",1
Yahh semarang belum ada.,0
Kok gabisa daftar sih?,0
Di daerah kabupaten tangerang dah cakup belum ya? Terutama dekat perbatasan kabupaten bogor?,1
Kota semarang bisa gak kak ?,1
Kode otp tidak masukmasuk,0
"Apakah daerah lombok timur, kec.pringgabaya, NTB sudah ada?",1
Bintang 1 dulu.Dapetin Kode OTP nya susah,-1
Bisa digunakan didaerah pelosok kh ini,-1
Tidak bisa daftar aku ğŸ™,1
Semoga NTT juga bisa di jangkau,0
Sayang untuk daerah tangerang belum Ada neh,-1
Siapa yang datang kemari gara gara tiktok.,0
Jika membantu masyarakat kami akan lebih giat,1
"Soon palembang, ditunggu yaa",0
Apakah duitin sudah masuk ke area yogyakarta?,1
Untuk wilayah Tangerang Kota belum ada ya min?,1
Kok blm dikasih kode otp nya...,1
Untuk kota probolinggo apakah udah ada?,0
Anggota baru jadi belum ada pengalaman,1
Bagus sekalli cepat sekalli ada sampai Saya mau,1
Cara kerjanya gmna yah,-1
Area surabaya kapan min...jd nggak sabar menunggu ğŸ˜¥ğŸ¤”,1
Beritahu saya kalau aplikasi ini sampai di kota serang banten. Provinsi tetangga jakarta.,0
Utk wilayah Kalimantan Utara Tanjung Selor ( Bulungan) apakah sdh ada ya utk penjemputnya,0
Biaya admin 20% gakebesaran ya wkwk,-1
Bangka Belitung kapan min ada?,1
"Semoga menjangkau desa saya, terbaik...!",1
Tasik belum ada ğŸ˜ğŸ˜ğŸ˜ğŸ˜,-1
Dimedan sudah bisa atau belom ya min????,1
"Ampas bgt sistemnya, mau verifikasi telpon aja 1000x g dihubungin kocak",-1
Di hargai terlalu rendah di banding abang2 tukang rosok hhmmmm,-1
Daerah sumatra utara tepatnya pematangsiantar udh ada gak?,0
"bogor kok belum yaaaa,, kapan nih miiin",-1
wah boleh juga nih ...,1
Sayang di jogja belum ada,1
Toooop sampah jadi duit!!!,1
kapan ke daerah kota Malang,1
"Hadirkan di kalimantan dong Palangkaraya, pangkalanbun, sampit dll",0
Untuk kota karawang bisa gak,1
Daerah bangka Belitung kapan ya?,-1
Nanti diulas kembali :),0
Cara mendaftarnya gimana ya?,1
"Apa sudah mencakup jatim, mojokerto",1
"Cara OTP sudah Berpa Kali Ga Bisa"" gimna Min",-1
Di daerah ku gak ada yang ambil,0
Belum sampai kotaku,-1
di samarinda udah ada gk yaa,1
Apakah purwokerto sudah bisa ?,1
"Kode OTP Gamasuk, gajelas",-1
Bagus.. semoga kedepannya bisa sampai Kab. Serang dan Kota Cilegon Banten,1
Ini belum ada di Jawa tengah yaa ??,0
"Mau tanya, ini kita membayar apa kita yg dibayar.. ?",-1
Aplikasi terbaik,1
SEMOGA CEPAT BISA MENCAKUP AREA DI BALIğŸ™,1
Kapan surabaya ada min? Saya sangat berharap.,-1
D tunggu area Surabaya min...jd kasih bintang 2 dulu ya,-1
Ini mencakup area mn aja ya?,-1
Untuk area cakupan karawang ada kah?,1
Sangat membantuuw,1
Keren Inovasi nya...,1
Wilayah kerja nya dimana aja min,1
Saya br mw coba sapa tau beruntung,1
Kapan hadir di kota surabaya,-1
Gaada picker lama bngeeet:(((,0
Apakah lampung bisa?,-1
Mau daftar DC mulu,-1
Sudah bisa. Masuk. Semoga kedepannya.. ok,1
Otp nya nggak muncul wong,-1
SAYA KOK GABISA DAFTAR YA KAK ADA APA NI?,-1
Apakah sudah sampai lampung?,0
Apakah duitin ada di Jakarta?,1
Gak dikirimin kode otp,-1
Tangerang kota kapan ???,1
Utk smntra 2 dulu....lw udh ada di Medan...saya akan ubah rating ny adminğŸ‘ğŸ‘ğŸ‘ğŸ‘ğŸ‘,-1
Area Makassar Gowa belum ada ya kak?ğŸ¥º,1
Gk bisa daftar,-1
Terus kembangkan yah ğŸ‘ğŸ™,1
kembalikan uang kami,-1
"Mo nanya, gw disuruh update?",0
Saya tinggal di kota Balikpapan apakah sdh terjangkau,0
Mantan gua bisa diduitin gx ya,1
Harus ada cabang di Surabaya dan Sidoarjo,1
Daerah makassar sudah ada?,1
Saya belum menerima otp,0
Ini make nya gimana ya ?,0
Apakah di Purwokerto ada ug jemput sampah nya?,0
Mantap bang agi,1
Kapan di kabupaten Oku timur Sumsel ada ?,-1
mantaaf min maju teruus,1
Harga ny minyak jelantah murah banget,-1
Susah buat kode otp nya,1
Mau order susah,1
Ko kesalaahan daftr terus ya??,1
Boleh minta no WA nya min duitin,1
Apakah medan tidak bisa,1
Dimakassar belum ada yah?,0
Susah OTP nya,-1
Team datang sesuai dengan jadwal yg disepakati,1
Apk kaga jelas,-1
Sudah ada kah di Balikpapan Kalimantan timur,1
Coba tambahin daerah padang min,0
Dua dulu.... Minta kode referal donk? ğŸ˜ğŸ˜…,-1
Jakarta timur dan tanggerang adagak Terimakasi,1
Semoga Bermanfaat.Sukses,1
Sya kasih 2 bintang dulu,-1
berguna bgtğŸ˜,1
Semoga bermanfaat,1
Bogor udah ada belum ya?,0
Di daerah cikarang bisa kah??,-1
Maaf GAGAL FOKUS,-1
Kapan ada di banyuwangi?,1
Saya setuju,1
Semoga bermanfaat,1
TULUNGAGUNG BUTUH PICKER,1
wah..ok banget nih..,1
Mantapppp saya percayaaa,1
Semoga bermanfaat,1
Menguntungkan,1
SEMOGA MAKIN BERKEMBANG ğŸ˜˜,1
Mantul,1
Good,1
Melagukan,1
Inovasi baru,1
Keren,1
Ntaps:),1
Makassar join,1
Soryy for this app,1
ğŸ‘,1
Ka Gadapat no Vrivikasi nya,-1
"Min,kok gak bisa log in ya?",0
Good Service,1
Mantapp inovatif,1
BagusğŸ‘ğŸ‘ğŸ‘,1
Surabaya belum ta kok picking soon,-1
Aplikasi cacat,-1
Mantap,1
Bagus,1
KerenğŸ‘,1
sangat bagus,1
Saya Coba,1
ğŸ‘ğŸ‘,1
Mantap,1
katÃ« buka ndik blitar! entuk duwek teko sampah daur ulang,1
Mantap nih,1
duitin loves the earth,1
Ok WA duitin :),0
Kesini gara2 tiktok,1
Bagus,1
duitin loves the earth,1
Omg,-1
Bagussss,1
Bgus,1
Mantap,1
bintang,1
Top,1
Menarik..,1
